Date,Text,Happ(y/ier/iest/iness),Joy,Joyous,Bliss,Delight,Pleasure,Pain
1890,Principles of Psychology Vol. I,16,1,2,0,2,18,17
1890,Principles of Psychology Vol. II,12,6,3,0,9,85,47
1896,What Makes Life Worth Living,0,0,0,0,0,0,0
1897,The Will to Believe,14,4,0,0,1,10,5
1899,Talks to Teachers,17,12,1,1,6,5,3
1902,Varieties,83,25,9,2,10,18,16
1906,Pragmatism,4,0,0,0,0,3,0
1907,Essays in Radical Empiricism,3,0,0,0,0,3,2
1909,A Pluralistic Universe,3,2,0,0,0,4,3
n.d.,Letters Vol. I,32,8,2,2,7,11,5
n.d.,Letters Vol. II,33,0,1,0,9,19,8
n.d.,Memories and Studies,12,3,1,0,3,8,9
